Timestamp,WaveHeight,WindSpeed,AirPressure,SeaTemp
2026-04-15 00:00:00,1.5939644266324016,7.894085475420219,1013.7695044222302,12.132576253733482
2026-04-15 01:00:00,1.774428011255212,6.938570009128954,1008.5023853729944,12.243028094113667
2026-04-15 02:00:00,2.099379224366882,8.540405491482643,1009.1853205886978,12.052870892673658
2026-04-15 03:00:00,2.404515966306835,10.302490041767971,1014.1922649054543,11.765633321057983
2026-04-15 04:00:00,1.9258649150293503,7.325056522618363,1012.5401025672402,12.113270237817039
2026-04-15 05:00:00,1.6046990351849721,7.50928649546036,1011.4324993492214,11.911393948329314
2026-04-15 06:00:00,2.324153296055978,10.955900884558657,1011.7189157711161,11.944274348867383
2026-04-15 07:00:00,1.9708415698413129,9.675352563985113,1012.323182434563,12.17560246131365
2026-04-15 08:00:00,1.790741788011246,7.627322240899772,1009.8874188515776,12.314317794120424
2026-04-15 09:00:00,2.3165058262547955,9.624834459341951,1009.075006512458,12.07924650309135
2026-04-15 10:00:00,2.000996690077645,7.987063688962629,1011.2958588240584,12.14508921953132
2026-04-15 11:00:00,1.9681899662208722,8.152729759623202,1008.1474837054494,12.43209539228495
2026-04-15 12:00:00,2.122194755403169,9.592947012537776,1011.4030743149169,12.148132118407974
2026-04-15 13:00:00,1.644920377614676,5.876137120837843,1005.917029781665,12.628646413037139
2026-04-15 14:00:00,1.3873463751292552,6.3737888329679055,1012.539605061976,12.229739191295016
2026-04-15 15:00:00,2.3012607063955914,8.620820175598329,1010.9437771975436,11.772811282326893
2026-04-15 16:00:00,1.63927967360086,7.959568097211853,1010.2004234275578,12.283957766141818
2026-04-15 17:00:00,2.3724793772700985,10.493205382871555,1011.8177960328736,12.217845698193068
2026-04-15 18:00:00,2.1826676204285365,8.432931084166825,1013.3282818023229,12.407888058628584
2026-04-15 19:00:00,1.7844786714048098,7.659717461192271,1011.5070071984865,12.292896107737079
2026-04-15 20:00:00,3.0841742329480826,12.968963623440965,1004.178491335496,12.138889749217448
2026-04-15 21:00:00,2.3906291665987958,10.04754841918636,1005.3945848160649,11.930041121941464
2026-04-15 22:00:00,2.508919144469917,10.692650883058503,1006.8477309452722,12.141414591385164
2026-04-15 23:00:00,2.1742207068368655,8.117508804319998,1008.294796782344,12.021432211915723
2026-04-16 00:00:00,1.9440268630181672,9.806730527490206,1009.3471891266149,12.083747194809234
2026-04-16 01:00:00,2.872810654220613,11.084270944219147,1006.0659713132987,12.325881605600873
2026-04-16 02:00:00,1.9136868937077782,8.904069555067522,1008.1784871361136,12.550459259316087
2026-04-16 03:00:00,2.7558180912892225,11.736460606468137,1005.65843258893,12.303723427782824
2026-04-16 04:00:00,2.3677979949560775,10.056352764788048,1005.8576224833462,11.993921538300762
2026-04-16 05:00:00,2.7161500823660147,10.6825697654803,1003.7136225095816,12.330325914645716
2026-04-16 06:00:00,2.2523632593037677,10.187358885087225,1004.7705020591545,12.489037045930061
2026-04-16 07:00:00,3.58734844180064,14.659930921426353,1003.5522522822607,12.136057608557069
2026-04-16 08:00:00,3.054890664060136,11.349425551606627,1004.3493414971514,12.23951220605743
2026-04-16 09:00:00,2.0122752159384896,9.51013908448358,1009.2854820655281,12.27755267340562
2026-04-16 10:00:00,3.132780118450673,12.927235680471545,1004.1451316097817,12.125932647969291
2026-04-16 11:00:00,1.9587872954291758,9.274053580763999,1012.9718359882465,12.420863490516515
2026-04-16 12:00:00,2.8323679200028677,11.864681910726805,1007.5015268737391,12.275310620218928
2026-04-16 13:00:00,1.9930822510323811,7.970684703542269,1006.6128676575113,12.391697273957398
2026-04-16 14:00:00,2.200823043270721,9.108911469415762,1003.8927126787677,12.138580509923711
2026-04-16 15:00:00,2.832534470579461,11.847741256993665,1007.6825827084289,12.236873006848402
2026-04-16 16:00:00,3.341031662586437,12.80857565387468,1004.3913678261658,12.477124157095414
2026-04-16 17:00:00,2.762169872300979,11.765967993833922,1006.0396730051474,12.26636190700242
2026-04-16 18:00:00,2.6004507911390524,11.219769852633883,1012.044651511642,12.694599328938628
2026-04-16 19:00:00,2.4209357815380583,10.848695504018721,1005.3197573354529,12.277554648346882
2026-04-16 20:00:00,1.9346947362496993,8.684466359247379,1008.3542977625807,12.410691399051927
2026-04-16 21:00:00,2.5570811208901145,9.997666442133148,1003.6501819823407,12.560542366530301
2026-04-16 22:00:00,2.745634327003445,10.404363588004365,1005.2535179702933,12.098617913835868
2026-04-16 23:00:00,3.022667003354898,13.069111955088509,1009.7067662875747,12.038393208518304
2026-04-17 00:00:00,2.803215278506162,11.710351341938798,1003.657079144624,12.093684604952923
2026-04-17 01:00:00,1.8714123544787953,7.836809755438507,1009.7063495056005,12.659590508223907
2026-04-17 02:00:00,2.5207480695870377,11.505115506396326,1006.9013765151802,12.304956737032857
2026-04-17 03:00:00,2.6039410553947193,10.133290949433665,1003.6886689026007,12.935219697325747
2026-04-17 04:00:00,2.4274783881807864,9.506011984016098,1006.6447936272712,12.318978526080507
2026-04-17 05:00:00,2.6694250802693085,11.717056273797553,1007.4702220782103,12.476983180066895
2026-04-17 06:00:00,2.8340152634919886,12.357128526488358,1006.5745650127105,12.756736387934373
2026-04-17 07:00:00,3.0430330324857455,12.056846215055977,1001.0818394410145,12.857770993832126
2026-04-17 08:00:00,2.1795020326114583,8.743294926021711,1003.183086166885,12.877087627528361
2026-04-17 09:00:00,2.3651644794299163,9.565000367257536,1004.3818321090182,12.71469106800403
2026-04-17 10:00:00,2.887971450519941,10.580134365984678,1004.8204166741217,12.686057586905486
2026-04-17 11:00:00,2.7010865083379247,11.59693940054131,1006.5702194670237,12.607974018132795
2026-04-17 12:00:00,2.139751142286985,8.830611020346282,1005.480988840319,12.653360613313572
2026-04-17 13:00:00,2.2847232961309234,9.206430079996213,1001.7227166545326,12.395667184416437
2026-04-17 14:00:00,2.0080804374731187,7.392294720322167,1006.0420387100352,12.350476577019316
2026-04-17 15:00:00,1.7901132708095489,7.069469420400194,1006.654576788218,12.521649521298597
2026-04-17 16:00:00,2.4104900058186103,10.520273300170711,1006.5702304841009,12.496491517074443
2026-04-17 17:00:00,2.8381942943663945,11.330472421825295,1007.921388813586,12.44808276693159
2026-04-17 18:00:00,2.301777178784454,8.587856245390892,1007.3589281563123,12.686201644653918
2026-04-17 19:00:00,2.384478974976996,10.349086479137485,1006.4827196799691,12.746176755151131
2026-04-17 20:00:00,1.958399945933674,9.016246948241093,1005.2259160646333,12.58098436567235
2026-04-17 21:00:00,2.1199803757176703,7.024291411846171,1001.3213516649088,12.866991933131102
2026-04-17 22:00:00,2.0212898758624838,8.65416605295811,1006.6260301171287,12.351326612988698
2026-04-17 23:00:00,2.6533350395775024,10.588524572869005,1006.15518091377,12.549106590138267
2026-04-18 00:00:00,1.6239662015090037,7.57055316587149,1006.4045676783829,12.452643528264623
2026-04-18 01:00:00,2.7064935593843598,10.265277559206776,1002.6290206215497,12.230865580537401
2026-04-18 02:00:00,0.9914094215270827,2.5464774733752202,1003.219061264745,12.595797016525335
2026-04-18 03:00:00,2.1527031169120856,8.554088022907468,1008.6608566018022,12.596139176969267
2026-04-18 04:00:00,1.833067236826142,7.043863486750447,1006.0407377399575,12.93132936452819
2026-04-18 05:00:00,1.4686469115357914,6.161676623838311,1007.960321682541,12.762947639414902
2026-04-18 06:00:00,1.6898569285193505,6.678291292378416,1006.4495131233185,12.44008891079861
2026-04-18 07:00:00,1.203481271386067,2.7495750404752686,1006.5803634616306,13.023880785811997
2026-04-18 08:00:00,1.5232689832654864,5.747034768952795,1008.9839490587557,12.905399969473438
2026-04-18 09:00:00,1.853495995025903,6.601980472912045,1005.4853026043533,12.785738627088959
2026-04-18 10:00:00,2.3616956173279697,8.43792752335381,1007.1576938604767,12.632142958156336
2026-04-18 11:00:00,1.1805696296307553,4.665493958507244,1005.9083742582449,12.493667394957257
2026-04-18 12:00:00,1.5384156904112212,3.966186990188973,1006.1290723775126,12.619224061688685
2026-04-18 13:00:00,1.3576759685149473,4.344148018447213,1006.5980963096079,12.919519963091508
2026-04-18 14:00:00,1.5753830112125278,6.7239121534356165,1008.0864177839368,13.086786907695029
2026-04-18 15:00:00,1.339298208579848,5.500157451245191,1006.4984881090265,13.026612282134254
2026-04-18 16:00:00,1.0938346108323251,3.7906849145717785,1011.0031191089513,12.62828208225542
2026-04-18 17:00:00,1.699403954275728,5.507898148842302,1005.7995425886998,12.510211267838509
2026-04-18 18:00:00,1.3306304366211477,4.602713654485926,1007.745043736765,12.77038912714581
2026-04-18 19:00:00,1.8330948362604167,6.019957021855194,1007.2927512393601,12.396595400978438
2026-04-18 20:00:00,0.7309623779384865,2.8658502381949313,1012.1929348998807,12.822982424036331
2026-04-18 21:00:00,1.1129146110963715,3.397886418054205,1009.2537021883313,12.736888119594354
2026-04-18 22:00:00,0.8210270863198887,3.1452450496817557,1011.5320212620171,12.681255178492066
2026-04-18 23:00:00,0.9806011366748034,1.085540416103048,1005.431726586731,12.463569731637092
2026-04-19 00:00:00,1.3379577882910698,4.12740526983056,1010.0094446515866,12.893272194744549
2026-04-19 01:00:00,1.0602720362373288,3.9447213735564453,1011.7649099326028,12.69204773390269
2026-04-19 02:00:00,0.699166043941413,3.370578433623843,1009.9482258121259,12.572634101157755
2026-04-19 03:00:00,0.9611351334783201,2.8319858444137926,1012.6104130012448,12.240188368212008
2026-04-19 04:00:00,0.8414208230417183,0.6059459317344746,1008.8600429435405,12.817154886622053
2026-04-19 05:00:00,0.8806471246221372,2.302499058073349,1013.8853810887323,13.18511889606532
2026-04-19 06:00:00,0.9394555711682997,2.355661758223189,1016.3200415701053,13.1709247192645
2026-04-19 07:00:00,0.6724754218440758,1.4483271451233666,1009.8783563547166,12.755251453424055
2026-04-19 08:00:00,1.072720656339183,2.529120463282755,1009.8860615927912,12.734219588106571
2026-04-19 09:00:00,1.1382595670256184,3.480991676911838,1014.8491874807179,12.956401552221589
2026-04-19 10:00:00,1.1095454827539424,6.090471129069868,1015.3819417097648,12.670947657776319
2026-04-19 11:00:00,1.0653487604850274,2.958685235198698,1010.3443553535099,12.938954452406055
2026-04-19 12:00:00,0.9428357576369865,3.064705173808039,1010.8205728927813,13.039776675660956
2026-04-19 13:00:00,0.9000881333824013,2.431416969758437,1011.3869839826473,13.139904971561613
2026-04-19 14:00:00,0.8160987944885243,0.5,1008.9514257965492,12.882438316146349
2026-04-19 15:00:00,0.8788902460359519,2.4694469680022526,1010.2375591813685,12.869678222572627
2026-04-19 16:00:00,0.8701354160504244,2.61311725095317,1010.245833503064,12.74275327163545
2026-04-19 17:00:00,1.6650070466489584,6.93387281103705,1011.0588759959863,12.760903448529767
2026-04-19 18:00:00,0.6608062681065209,2.1569327130047786,1013.1138588678945,12.888906324094492
2026-04-19 19:00:00,0.758828829432092,3.056918952356474,1014.0081543436276,13.01559057863017
2026-04-19 20:00:00,0.835518353998464,2.4703906728298746,1017.5205890974544,13.132742507885418
2026-04-19 21:00:00,0.5190807113486344,0.5,1011.3696759743939,12.797290567434933
2026-04-19 22:00:00,1.1935463423435722,4.6506461080901325,1016.5469224549964,13.264357454892817
2026-04-19 23:00:00,1.1395422165094484,3.9888942074528395,1013.7708617318681,12.91948095211428
2026-04-20 00:00:00,0.811335764805662,4.108698268693361,1014.4008844288728,12.97731063151877
2026-04-20 01:00:00,0.49656445963363904,1.104859872889532,1016.4291260241802,12.840012598678111
2026-04-20 02:00:00,1.519186718077454,5.331095291693467,1012.1514617216051,12.512470091894077
2026-04-20 03:00:00,0.4014461748365112,0.5,1016.1289697115595,13.181982737310765
2026-04-20 04:00:00,0.9433156682227204,4.012740763177202,1015.8020778896679,13.160390195582334
2026-04-20 05:00:00,1.5656250919605708,6.984981386533608,1016.8282366617937,12.96459584634725
2026-04-20 06:00:00,0.7400157072494746,1.3518293943450972,1016.5291874312865,13.042091565811328
2026-04-20 07:00:00,0.5226424941802079,2.2148018407490557,1022.1515083016998,13.139705393058492
2026-04-20 08:00:00,0.8823406153177309,3.5193901951036444,1014.6235752264815,12.731824507476228
2026-04-20 09:00:00,1.03016756185588,2.5459947610829072,1015.0926172274787,12.946331214595084
2026-04-20 10:00:00,0.8668455094994411,0.7794483586354004,1015.0618039230093,13.218794638827033
2026-04-20 11:00:00,1.140597229920846,3.81840036955358,1015.427715300984,12.816875592549879
2026-04-20 12:00:00,0.7362025384813295,1.9129218502262475,1015.4167485704405,13.134228599219178
2026-04-20 13:00:00,0.8904997542797515,4.813127666488143,1020.1734719024886,12.811975888726247
2026-04-20 14:00:00,0.5032281520507242,2.446566292480961,1020.9396641303523,13.184345124271587
2026-04-20 15:00:00,1.604933097343084,7.037311804035028,1016.145624815565,13.091689290798646
2026-04-20 16:00:00,0.9245905425634807,2.988251985945384,1015.6721607273068,12.783541205024987
2026-04-20 17:00:00,1.1178559530937886,3.973591740402693,1019.1084804203867,13.347256881720957
2026-04-20 18:00:00,1.4492051233733583,6.177075142518744,1016.7224720654324,12.97512354003552
2026-04-20 19:00:00,0.4643746656293712,2.6606004191808377,1019.8545100975174,12.967715554833063
2026-04-20 20:00:00,1.315031645946115,5.452682803974586,1018.9445712032702,13.177595351197969
2026-04-20 21:00:00,1.5168928136851945,7.566607247738759,1014.8087913119386,13.374915674295492
2026-04-20 22:00:00,0.5261382322518295,2.4938765154995144,1022.6234832673698,12.94972169694898
2026-04-20 23:00:00,1.138831744285411,5.896082671656283,1023.3965430263326,13.17291099132911
2026-04-21 00:00:00,1.6329813730896299,6.210419287751996,1017.5224482362524,13.254018326992066
2026-04-21 01:00:00,1.9857528950138945,7.330982576890709,1018.2280658615311,13.314547139637332
2026-04-21 02:00:00,0.9557245405551823,3.8801295813206735,1020.0501014620281,13.21887624700151
2026-04-21 03:00:00,0.8349412971502276,3.9143091569116586,1020.3048100431143,13.11783515327367
2026-04-21 04:00:00,1.5251512707226984,7.416346575339382,1021.2432678974659,13.03336627043854
2026-04-21 05:00:00,1.4318263621773617,7.198052977897978,1024.7455678314457,13.223747434010882
2026-04-21 06:00:00,1.4305822059306768,7.301580656158571,1019.3956527891755,12.999715888286252
2026-04-21 07:00:00,1.8596952879071171,7.661772437217922,1017.9549662085399,12.637489258879569
2026-04-21 08:00:00,1.3581399019926832,6.001527045628494,1016.6097368550363,13.31667755415568
2026-04-21 09:00:00,1.686203536933153,7.830642523095606,1018.3325897659739,13.417749313447514
2026-04-21 10:00:00,1.7135585734076169,8.126414452594002,1020.1734531039586,12.771963065571631
2026-04-21 11:00:00,1.229680477984922,6.498310001906754,1024.83342225108,13.050181016188102
2026-04-21 12:00:00,2.4284688566127013,11.326434066455732,1019.1380877625757,13.383525952312457
2026-04-21 13:00:00,1.6678094870216074,9.0031562143023,1021.07094001846,13.678752417171733
2026-04-21 14:00:00,1.1548740073473414,6.1861309869764565,1020.5439715135925,13.278960509699516
2026-04-21 15:00:00,1.6584871676769584,9.690184580531279,1023.6237182824808,13.13673978842658
2026-04-21 16:00:00,1.2457608778340494,6.9292535311613115,1027.0318680001144,13.253289802364097
2026-04-21 17:00:00,2.186592609469101,10.272802643269598,1019.4432146476464,13.572363135640163
2026-04-21 18:00:00,2.3111933061094807,11.110670374226107,1019.5966423350252,13.175703766508784
2026-04-21 19:00:00,1.6859418067975076,7.713602673779564,1023.4744637468258,13.152556882886655
2026-04-21 20:00:00,2.146266917323919,11.086737418723338,1022.6065433324827,13.223335135163003
2026-04-21 21:00:00,1.982797410025641,10.253411704894928,1025.5502392898823,13.136696489048035
2026-04-21 22:00:00,2.001141381739255,11.143502261422714,1022.4188266942052,13.359364403013322
2026-04-21 23:00:00,2.635575919844354,13.226785305953838,1020.0801704456313,13.667223861012664
2026-04-22 00:00:00,1.9265388855160044,9.514741085429383,1022.4682764135142,13.414351496291205
2026-04-22 01:00:00,1.753791056471001,8.73846439018268,1023.7704709605392,13.306701998971821
2026-04-22 02:00:00,1.5818377054987351,8.627440489018674,1023.0508186855297,13.306237031338215
2026-04-22 03:00:00,1.6907758960518835,8.887880586500405,1022.2625273895713,13.059377179797535
2026-04-22 04:00:00,1.7298462982889913,10.339502524957787,1023.6495900376618,13.55604276685052
2026-04-22 05:00:00,2.08114572476627,11.20826784235958,1023.8885440401281,13.371248198230493
2026-04-22 06:00:00,2.2516394725288666,11.20190739434581,1024.396958618395,13.358103780395828
2026-04-22 07:00:00,2.498536781202186,12.296034082570067,1022.5334645827753,14.040194644456522
2026-04-22 08:00:00,2.2525801477185268,10.92713931866486,1020.4579190795648,13.468686265733744
2026-04-22 09:00:00,2.7543404039249646,13.609952592311508,1021.2004463637044,13.265929155804303
2026-04-22 10:00:00,2.0088516532198044,10.600131978621592,1023.8018383274118,13.338356600208737
2026-04-22 11:00:00,3.2925788366785227,16.048665545452415,1018.6891235023554,13.660647030137895
2026-04-22 12:00:00,2.5565956898931925,12.347201121463337,1021.5930774694873,13.46093069792016
2026-04-22 13:00:00,2.0168360679943826,9.739428079155578,1019.622059778925,13.157928649856943
2026-04-22 14:00:00,1.9302311621222084,9.408583476064226,1020.6054134873957,13.636726507951012
2026-04-22 15:00:00,2.289855261795823,12.25099159336294,1023.6520131551698,13.326537168951546
2026-04-22 16:00:00,1.8623214510499253,11.019052027852148,1020.8502106106781,13.842099539620614
2026-04-22 17:00:00,2.738849903264731,12.737554994677382,1020.3994454899549,13.690712273005692
2026-04-22 18:00:00,2.5197194569641255,12.327522230232672,1016.7889854353961,13.392489577345438
2026-04-22 19:00:00,2.09600552144159,11.360173685055514,1021.9539849486889,13.745397090616077
2026-04-22 20:00:00,2.0471174510949255,9.974812048840866,1021.5963176772628,13.509993291480747
2026-04-22 21:00:00,1.5290924839649376,8.772281045809464,1025.2796127556765,13.674193749045838
2026-04-22 22:00:00,2.3297281012929543,10.687434800976249,1018.9855973591748,13.60779079998099
2026-04-22 23:00:00,2.7359387223860545,13.01703918117277,1020.1812738755056,13.348766470283378
2026-04-23 00:00:00,2.486223758931672,11.837480849239585,1020.1300943418175,13.396509686330411
2026-04-23 01:00:00,1.5234663164061018,9.178644823424385,1023.3184851791598,13.738381899159892
2026-04-23 02:00:00,2.5680995280045984,11.693888614137585,1018.9999114450028,13.47259292808484
2026-04-23 03:00:00,2.4749279437678537,12.029315732452252,1019.7941893085513,13.46596468149952
2026-04-23 04:00:00,1.8628636197555726,9.690856319961465,1020.4701580949919,13.362804303557324
2026-04-23 05:00:00,2.3571463119341813,11.497127547377302,1019.2661298793822,13.645671088412968
2026-04-23 06:00:00,2.069436452965223,11.25649463927983,1017.5282385681869,13.980566670640608
2026-04-23 07:00:00,1.8878047311633566,9.018462196732456,1018.9699082127189,13.361653416205193
2026-04-23 08:00:00,2.1593550703906947,11.636840735053035,1021.00489149448,13.587090048650149
2026-04-23 09:00:00,2.333445346700093,11.912319405101353,1015.5865474597358,13.871764217976596
2026-04-23 10:00:00,2.41255868830436,12.755708366160892,1018.3133077842339,13.580453514957734
2026-04-23 11:00:00,2.8408241250401813,12.599761634768429,1016.0547864248576,13.693905521017363
2026-04-23 12:00:00,1.5035484151558365,8.113387144482942,1020.6132025062666,13.397989452552508
2026-04-23 13:00:00,2.170670762763208,8.789143722553538,1013.6345472482851,13.703154147594034
2026-04-23 14:00:00,2.3111361237947956,11.282293080762685,1015.8587108226287,13.587075964476474
2026-04-23 15:00:00,2.042948882747204,11.15222090812283,1018.0092623076554,13.828650371186901
2026-04-23 16:00:00,2.020167200606496,11.021066303359664,1020.7871225488356,13.875968548177214
2026-04-23 17:00:00,3.8450719544539433,16.890100705928,1016.5130282039567,14.163378389409376
2026-04-23 18:00:00,2.2963239518042484,10.838860711141566,1015.0906591002677,13.768353922303625
2026-04-23 19:00:00,2.247395159398027,11.706469763547153,1020.9801206739238,13.724535427430244
2026-04-23 20:00:00,2.505619424320093,11.226226961711546,1012.4532347698884,13.705189097061984
2026-04-23 21:00:00,2.4699040017722815,10.523744902064319,1010.3699249525214,13.602602193477848
2026-04-23 22:00:00,1.9812126284864502,8.62189144716962,1016.7584342896442,13.747842525266718
2026-04-23 23:00:00,2.4690713760939236,10.389855671947926,1014.1926698228089,13.627962815001675
2026-04-24 00:00:00,1.6567849804351265,7.463447797420274,1012.6822419427647,13.72761961543903
2026-04-24 01:00:00,1.541506743193361,8.255862590100401,1016.7920090296166,13.9643181800431
2026-04-24 02:00:00,1.5991197886947721,7.633164642125298,1015.4148542172859,13.506348289163874
2026-04-24 03:00:00,1.9312267188120384,8.4762597982921,1013.1779974482226,13.942477467388162
2026-04-24 04:00:00,2.61282008425977,12.315032325996643,1011.1690492410366,13.984756492401171
2026-04-24 05:00:00,0.9490273162937087,4.605336227743511,1016.3315128866805,13.704538215420243
2026-04-24 06:00:00,1.9803668658944118,9.017771026886075,1015.5555442653784,13.31058604840501
2026-04-24 07:00:00,1.1860947876181647,4.694344910801887,1013.4610558372019,13.620184351170616
2026-04-24 08:00:00,1.3847743498474483,6.561450201575392,1018.1039951336871,14.00792593887378
2026-04-24 09:00:00,1.9975203237985761,9.184019402896112,1010.5902218165651,13.750718206361611
2026-04-24 10:00:00,1.7209894958540546,7.152204457585022,1009.2294470970716,13.562182617712583
2026-04-24 11:00:00,1.1616081860850869,4.909088558175872,1011.0912827641808,13.667825729273549
2026-04-24 12:00:00,1.4710212707709553,5.374273281253915,1012.4850188800539,13.94362872017717
2026-04-24 13:00:00,1.9018187723325304,7.698473738669175,1012.9855729323991,13.891561730000353
2026-04-24 14:00:00,1.0205090938688004,4.974826669298931,1011.552855058502,13.741125146359721
2026-04-24 15:00:00,1.3868846808556474,6.494634235185803,1012.8154558234521,13.722229430343194
2026-04-24 16:00:00,1.340302709921258,6.004113832740444,1008.5866623622958,13.72391157452436
2026-04-24 17:00:00,1.0257511179840613,4.568150752510393,1015.1061070779479,13.624436152717474
2026-04-24 18:00:00,2.1324491108518115,9.421262989485355,1011.073662149316,14.138634355102006
2026-04-24 19:00:00,1.283526386832732,6.526846001945798,1013.8559520175792,13.757722142021226
2026-04-24 20:00:00,0.654019216546341,1.5669652782984764,1011.7046928723986,14.072230898614027
2026-04-24 21:00:00,1.2086847379614782,5.377373205723575,1011.7765901022111,14.139661252323032
2026-04-24 22:00:00,1.1113939838140616,3.6834725457216835,1011.8477777571471,14.041644907044923
2026-04-24 23:00:00,1.5360579333120823,6.245690171774353,1011.3332714795046,13.762229137527964
2026-04-25 00:00:00,0.8952656268371002,3.125367671818975,1011.6135970550991,13.935855427276532
2026-04-25 01:00:00,1.148006712680755,4.190223788281964,1013.1247709837248,13.856812182962058
2026-04-25 02:00:00,1.289798701704229,5.155089745503375,1010.0907596046749,13.687438462541081
2026-04-25 03:00:00,1.3854876717057196,5.658615616036146,1011.1721568037264,13.939563806527419
2026-04-25 04:00:00,1.1533018353784634,1.7988999060393729,1008.9782767745838,13.645382642240767
2026-04-25 05:00:00,1.1889184383005003,3.2217863841614798,1012.6088075413107,14.125210613104432
2026-04-25 06:00:00,0.9018636650112378,2.8389555030886995,1007.1265118918144,13.80122084550972
2026-04-25 07:00:00,0.9792984137428072,2.3935719001691305,1013.1320489093354,13.940831190399647
2026-04-25 08:00:00,1.806717473707336,6.629044362501466,1008.3448800604567,13.96369712268168
2026-04-25 09:00:00,1.1829158920099316,4.068016194317605,1004.687428514158,13.861684127977137
2026-04-25 10:00:00,0.9468343494761918,0.9636352794060219,1008.4073724425378,14.037214692976624
2026-04-25 11:00:00,1.6568020748513328,4.786093775974868,1006.2110179627381,13.831291197472702
2026-04-25 12:00:00,1.5144165356436186,6.861250234750225,1009.8457160827215,14.10691252120452
2026-04-25 13:00:00,1.3010693280982433,4.814104986849967,1005.9470625778879,13.669823346142715
2026-04-25 14:00:00,0.9960834513309756,0.5,1006.30186215166,13.970646457021425
2026-04-25 15:00:00,1.1531845746023341,1.933840826014057,1002.5364744618014,14.339492589278365
2026-04-25 16:00:00,1.5553272287691808,5.0216591627644345,1005.9769945213262,13.757961713443873
2026-04-25 17:00:00,1.1491995510450168,1.4105636403892787,1000.9000422220621,13.82878506492744
2026-04-25 18:00:00,1.3706567623451595,3.433884565020158,1002.8566240934578,14.073406552742759
2026-04-25 19:00:00,1.026734930516376,3.987568818420349,1008.5788294101205,14.012817057547553
2026-04-25 20:00:00,0.9706563056735287,0.8906201411600156,1008.5085827166289,14.053287185509378
2026-04-25 21:00:00,1.2041950902237464,2.4255256060005697,1007.4789968723704,14.087243754019582
2026-04-25 22:00:00,0.8818535739198831,0.5,1003.8742636774721,14.122580433690187
2026-04-25 23:00:00,0.8584004320711255,0.6592223844782357,1006.0539525338008,14.22379052193976
2026-04-26 00:00:00,0.7916218389800109,2.045421398014146,1006.0510186953231,14.090013252137101
2026-04-26 01:00:00,1.0179404488490553,0.5,1003.0562620135956,13.965981462831271
2026-04-26 02:00:00,1.5236522821117424,5.455657941048666,1009.6082559724058,14.154915665087854
2026-04-26 03:00:00,0.78477336636184,0.5,1007.9462692314171,14.406529653415394
2026-04-26 04:00:00,1.1838823351984884,1.7736227695721747,1005.1091479241477,14.006163221773852
2026-04-26 05:00:00,1.0908840291029764,2.836798847852582,1005.643129823678,13.843905130404146
2026-04-26 06:00:00,1.593040176402353,5.239155931518331,1006.016957205671,14.266332413927396
2026-04-26 07:00:00,0.8700143132894067,0.5,1000.3175377253675,14.026929557346158
2026-04-26 08:00:00,1.4771496020120791,4.8479464323092465,1004.7356530935302,13.62254556534916
2026-04-26 09:00:00,1.176786412430054,2.838470771364056,1003.5862572065402,14.232621621880538
2026-04-26 10:00:00,1.045260981329543,1.1263910783581772,1002.7307368304358,13.962113541899205
2026-04-26 11:00:00,1.2646530263391926,3.805077284327716,1004.4815964431484,14.057098449390233
2026-04-26 12:00:00,1.0867315317606256,3.418772665934318,1009.6341540212328,14.147611086351166
2026-04-26 13:00:00,1.129317538251368,2.074087498929827,1006.7036998589417,14.125308811831923
2026-04-26 14:00:00,1.2150211659191048,3.3808095825583413,1003.6413942911895,14.235076989946263
2026-04-26 15:00:00,0.8513882712320606,2.668789814649716,1006.474666720501,14.012050951925842
2026-04-26 16:00:00,1.4420216600604037,3.6801884133875915,1008.5216054639139,14.207714788075421
2026-04-26 17:00:00,1.600234838935071,4.787312727373919,1007.320962714568,14.059113452327871
2026-04-26 18:00:00,1.5772436957894334,6.575837877839368,1005.1507812734866,14.264697754680995
2026-04-26 19:00:00,1.1522526956096817,1.624161678006478,1003.3828613726519,14.24590569159537
2026-04-26 20:00:00,1.8831235060173357,7.8283757060109735,1006.7504318549093,13.94162461080559
2026-04-26 21:00:00,0.9022498711989146,0.6170704689917113,1005.99942597076,14.351772505632201
2026-04-26 22:00:00,1.3117529221187625,4.004508693459307,1007.2706948131369,14.033230654073202
2026-04-26 23:00:00,1.4972712444583098,5.48831168618077,1006.6437877267995,14.30786564784946
2026-04-27 00:00:00,1.3148420225430322,5.091207230921102,1007.7090158153113,14.225525735378836
2026-04-27 01:00:00,1.2096873507275727,3.62483525728946,1003.7824285595183,14.525502587108539
2026-04-27 02:00:00,1.179955591130838,4.535260025115115,1008.4554637712969,14.118953584137325
2026-04-27 03:00:00,1.2193597074826599,4.190292231635696,1005.7034871048769,14.099547655455563
2026-04-27 04:00:00,1.191257802283755,4.1879880439358494,1010.4511605715902,14.171274588297406
2026-04-27 05:00:00,1.779731457944744,6.952318834004822,1003.5995286587607,14.120253264084166
2026-04-27 06:00:00,1.6755691942413935,6.242590777322013,1009.7278211432491,14.346591484377395
2026-04-27 07:00:00,1.6149960984246317,4.532083742662646,1005.9539751726563,13.869037993712949
2026-04-27 08:00:00,1.9091965380553337,7.580077829224596,1003.9077579294002,13.987243727097203
2026-04-27 09:00:00,1.8515058253854324,6.697218139376789,1004.4094517329495,13.990082762423896
2026-04-27 10:00:00,2.0818204910476172,7.791997523046162,1004.9068561487788,14.399350997537761
2026-04-27 11:00:00,1.9913764352687626,7.648109361790919,1006.8623237805048,14.557041239086981
2026-04-27 12:00:00,1.4789007024264236,5.209360442259867,1007.2087358553312,14.199640715880617
2026-04-27 13:00:00,1.7746666362663581,5.880517670021267,1004.5726121180902,14.192361076255189
2026-04-27 14:00:00,2.167353099427239,8.421457064097122,1006.0565862327422,14.245713537938272
2026-04-27 15:00:00,1.7317547000445042,8.362347589438585,1011.58906944596,14.469639230339423
2026-04-27 16:00:00,1.8918013376970497,7.4129530658241105,1010.6733931219572,14.05733614465673
2026-04-27 17:00:00,2.0707895722908383,7.847877911495717,1007.5716133619219,14.296006464122188
2026-04-27 18:00:00,2.3057600617987957,10.121492918259268,1006.7071117944325,14.448880741377364
2026-04-27 19:00:00,1.7871116416646224,6.940448740872827,1007.0484089429526,14.359551206515558
2026-04-27 20:00:00,2.2763520606496614,9.171888641317526,1008.4231765939238,14.3027224198451
2026-04-27 21:00:00,2.0291111715979397,8.00294203273259,1004.4781659651602,14.470471563692097
2026-04-27 22:00:00,2.188640016314781,8.152465365667414,1006.5420739644599,13.735054617787034
2026-04-27 23:00:00,3.0018044410752687,10.696811915592216,1003.1689092498126,14.41669731209068
2026-04-28 00:00:00,2.3019466292764026,10.376501093898337,1008.4976480856087,14.155710682116036
2026-04-28 01:00:00,2.2200999717838727,10.523525014129634,1009.2810448433513,13.92578516699246
2026-04-28 02:00:00,2.7771540217929678,11.573951029688509,1006.6226713016837,14.399520509398135
2026-04-28 03:00:00,2.2276309104553653,9.422916891899842,1011.9371752781915,14.577362215740672
2026-04-28 04:00:00,2.569672383198529,10.769505908551455,1005.1132211977405,14.280473553798208
2026-04-28 05:00:00,2.496405129224302,9.135978441999688,1004.6958458611226,14.503853107832988
2026-04-28 06:00:00,2.2113043822585787,10.42574887921127,1009.1006428132021,14.641030942301445
2026-04-28 07:00:00,2.3083384394474704,9.750849040749236,1011.3434307407788,14.586837383501907
2026-04-28 08:00:00,2.173562285386368,10.297374642583646,1013.1249738008504,14.65710866977626
2026-04-28 09:00:00,2.895835403009202,11.326319206319608,1007.9605651872326,14.482784561672547
2026-04-28 10:00:00,2.3124661576757806,8.908843698041068,1012.0001022664558,14.354671078776446
2026-04-28 11:00:00,3.1367283879770516,14.268672336364034,1009.4056054788718,14.024398423817875
2026-04-28 12:00:00,1.9924755329265218,8.80619863278283,1009.2714838682139,14.30076823125646
2026-04-28 13:00:00,2.065559441426624,8.53986643843346,1012.1159212049196,14.18650241994866
2026-04-28 14:00:00,2.814864861504842,12.91191475274127,1011.7436843974012,14.794493120185473
2026-04-28 15:00:00,2.9014274976021213,12.34757358541816,1006.3802302240413,14.330262039658493
2026-04-28 16:00:00,2.6297757648672193,12.13445291201324,1014.2229617401642,14.39519653712695
2026-04-28 17:00:00,2.358496367253591,12.223553064115709,1014.1941439993465,14.48595073329111
2026-04-28 18:00:00,2.5538586722258656,11.144876801514375,1009.3940543022541,14.389453899021317
2026-04-28 19:00:00,2.049257654716227,9.619019777888193,1012.1630908776925,14.724804999652042
2026-04-28 20:00:00,2.4464426680250377,11.430332739414244,1012.6256876803767,14.266307892139473
2026-04-28 21:00:00,2.471413305011083,10.127346759843643,1012.2605685315164,14.434783780643892
2026-04-28 22:00:00,2.775841106005672,13.146262206407284,1010.4524664574969,14.252374210987057
2026-04-28 23:00:00,2.6526537500770244,11.163530003150624,1010.3694202333102,14.141851339206081
2026-04-29 00:00:00,2.1823567848246137,9.971838146400398,1012.2055769380834,14.288470972902175
2026-04-29 01:00:00,2.2810006552091067,10.901000396057158,1015.422831776512,14.408367779275382
2026-04-29 02:00:00,2.7715795774615484,12.236757563312318,1014.0719494421917,14.334846401155163
2026-04-29 03:00:00,2.3883175416311397,10.484962731533383,1012.0085745285169,14.287135679175838
2026-04-29 04:00:00,2.2329503122766314,10.018045403909376,1015.0865685043277,14.149250695317532
2026-04-29 05:00:00,2.9646933617493887,11.927246314790626,1006.2580551626897,14.418768632472007
2026-04-29 06:00:00,2.4600535355745325,11.912324783093132,1016.4731232146247,14.139302439561922
2026-04-29 07:00:00,2.331841424550033,10.533901162347385,1009.4732579002014,14.597095645425913
2026-04-29 08:00:00,2.157719705536563,10.565825525076734,1013.137138740163,14.466391475214516
2026-04-29 09:00:00,2.5097250254375365,11.791018404127186,1011.4639601854084,14.163193393109829
2026-04-29 10:00:00,2.4406299554779842,8.718819258051873,1011.2453504824991,14.397643105365304
2026-04-29 11:00:00,1.99778758889614,8.736470596309442,1017.6018969032873,14.31381588993472
2026-04-29 12:00:00,1.9632793352487148,9.913828151606689,1013.7470411817627,14.532825309173596
2026-04-29 13:00:00,2.0758269421073803,10.752642425464957,1015.9975396125882,14.741804681491653
2026-04-29 14:00:00,2.555520352610265,11.619119477754131,1015.2273197839198,14.10338519626346
2026-04-29 15:00:00,2.9672424853201114,13.630718912388172,1016.748755617036,14.506110880331256
2026-04-29 16:00:00,2.7209437428205323,12.427556727619722,1015.9577683806069,14.455745919943997
2026-04-29 17:00:00,2.2790627019650125,10.49783005612396,1012.7656592953665,14.626688113140013
2026-04-29 18:00:00,2.152836817183742,10.646868761321283,1018.6689391654496,14.53968781066586
2026-04-29 19:00:00,1.9397218616963248,8.765533734199757,1015.1465607071461,14.351263738501927
2026-04-29 20:00:00,2.316009965363065,10.419554430424908,1012.689568874971,14.442436634646532
2026-04-29 21:00:00,1.752778583390472,9.810090297047898,1015.7080442179323,14.351612729032885
2026-04-29 22:00:00,2.104054045179596,10.781587176648971,1020.7246249033923,14.730570433144576
2026-04-29 23:00:00,1.6010813498324223,8.577140034451405,1019.2896079110918,14.524163031491536
2026-04-30 00:00:00,2.309027198706579,10.861119006341136,1016.4805385510954,14.90465109157429
2026-04-30 01:00:00,3.0902214551550258,12.54028523318712,1016.6637820185455,14.516773565844812
2026-04-30 02:00:00,2.027841636006991,9.435818788548898,1016.9140955538945,14.391697636260751
2026-04-30 03:00:00,1.8982449861587962,10.200331954957358,1023.087669704078,14.235089824490565
2026-04-30 04:00:00,2.2810977670559747,10.56087367911632,1019.0244775586291,14.181638899102358
2026-04-30 05:00:00,1.77210094615323,8.433756493454156,1019.3146707219912,14.229854160849042
2026-04-30 06:00:00,1.9049787510368232,9.392916225853178,1020.9811602995422,14.60450154444261
2026-04-30 07:00:00,1.8763842177070311,8.842358915998643,1019.1641390174622,14.65719639945908
2026-04-30 08:00:00,2.122481470355323,8.822493676476087,1018.0769798341122,14.243568717002972
2026-04-30 09:00:00,1.2975541482884427,7.0793847925090265,1018.3867128205259,14.743150231237504
2026-04-30 10:00:00,1.76562708208908,8.336493314485947,1018.8470516553875,14.471846284060515
2026-04-30 11:00:00,1.6822583503970605,9.008101140425536,1019.0768171386594,14.602113204429395
2026-04-30 12:00:00,2.1588920090785106,10.54116216275116,1021.1280041168783,14.899474983829661
2026-04-30 13:00:00,1.7624459780220783,9.471577814359875,1019.5729848114202,14.760655093013394
2026-04-30 14:00:00,2.1954909941050214,11.435112384325617,1021.4039389054365,14.531817554593905
2026-04-30 15:00:00,1.1910645170934018,5.991680968789203,1019.4946949546901,14.4115017434112
2026-04-30 16:00:00,1.8890380963866154,8.75595903566622,1020.0120553635711,14.163573629997247
2026-04-30 17:00:00,1.755367001397119,7.328350316137388,1014.9336881491145,14.454282553252593
2026-04-30 18:00:00,1.8973900242680737,10.752535692557027,1022.3283852665295,14.560043629016512
2026-04-30 19:00:00,1.054901033558279,5.168837473841856,1021.006733617263,14.408970151804366
2026-04-30 20:00:00,0.8473601050219549,4.925812121245387,1022.7329747495248,14.584270933123776
2026-04-30 21:00:00,1.0961070958880024,5.172918473602961,1013.0891635982895,14.62998882953539
2026-04-30 22:00:00,0.42720312557599444,2.2446254564870514,1025.6369360268252,14.573723208471293
2026-04-30 23:00:00,0.9872538770874479,4.93870969633473,1020.1475005618619,14.492749634595135
2026-05-01 00:00:00,1.202730422045572,4.33799628421055,1023.3416230965487,14.660516593823422
2026-05-01 01:00:00,1.3093895259545227,5.796759149580202,1018.0402510858598,14.719189029619375
2026-05-01 02:00:00,0.9418027553515788,5.965384919434601,1022.234905820345,14.416716025115734
2026-05-01 03:00:00,1.6744604676984243,8.554369282542414,1018.1264440354313,14.920956927250622
2026-05-01 04:00:00,1.5274058181653853,6.718226307900156,1019.2515851711406,14.623007074671559
2026-05-01 05:00:00,0.9981942899981373,3.80269721067301,1025.641083962575,14.650428484163236
2026-05-01 06:00:00,0.49215227247221094,3.0613852808914634,1020.4182362380906,14.792214880936422
2026-05-01 07:00:00,0.7912822987972123,5.4054238403541195,1021.4713697003131,14.701108207317388
2026-05-01 08:00:00,0.7823674051810106,1.9892921872465084,1023.1296853947756,14.848964810657208
2026-05-01 09:00:00,1.4925920280098366,7.5126531217740435,1022.2143119894449,14.71961430787468
2026-05-01 10:00:00,1.0851708833639406,6.194167530529862,1021.3655924973506,14.54353344929374
2026-05-01 11:00:00,0.7691998465047378,3.0868911389190967,1021.910221329465,14.742132507514679
2026-05-01 12:00:00,0.2,0.7133238069753665,1027.0084606155012,14.444876838720173
2026-05-01 13:00:00,1.2153529253399993,6.105054897984671,1020.8518051067771,14.699103669263721
2026-05-01 14:00:00,0.7880176976108068,3.33881530664456,1021.4883609208384,14.674494719030129
2026-05-01 15:00:00,1.191700531015763,5.655956211915965,1023.5958491562916,14.643245646954243
2026-05-01 16:00:00,0.2,0.5,1023.7104791720342,14.662869100802084
2026-05-01 17:00:00,0.5105449840106843,2.133606024041696,1023.8855599857195,14.31589363349496
2026-05-01 18:00:00,0.5385179141744681,3.1239880318571545,1022.480020496181,14.586184526926598
2026-05-01 19:00:00,0.8481464991247804,3.1079273462875197,1017.9848110575361,14.718143752671471
2026-05-01 20:00:00,0.332981068995438,2.1289602201616438,1024.8789797820364,14.735170484772325
2026-05-01 21:00:00,0.884833821958974,3.982972930112264,1017.8766004975433,14.501267754112092
2026-05-01 22:00:00,0.27418297881844567,0.8700745229825766,1021.4401419326814,14.96352704058416
2026-05-01 23:00:00,0.7952331714322113,2.472761327777248,1018.733024647589,14.540712279427547
2026-05-02 00:00:00,0.8350485327766093,2.8902434236234127,1020.3876511496414,14.911379524897491
2026-05-02 01:00:00,0.7416155117095465,3.55187790489335,1021.293362088078,14.8064468246294
2026-05-02 02:00:00,0.8340607119798306,3.866564347034065,1021.1925435054297,14.595261362330994
2026-05-02 03:00:00,0.2,0.5287340442978521,1021.3559456184869,15.083046852450666
2026-05-02 04:00:00,0.2602851405938163,0.5,1024.2417819353138,14.492714107955551
2026-05-02 05:00:00,0.9717899635345956,4.810973348809993,1021.2421385583127,14.918708033483183
2026-05-02 06:00:00,1.1595511948017307,3.100026100446788,1019.3932258092808,14.938408284390158
2026-05-02 07:00:00,0.26036823844203233,1.1530990621321788,1022.3037462329105,14.607561272205288
2026-05-02 08:00:00,1.2361382361719628,5.2987730520609055,1022.7517967107057,15.023550712306864
2026-05-02 09:00:00,0.9469295850860521,2.7290382464316223,1016.5884634317997,14.698399506660808
2026-05-02 10:00:00,1.0037904304953902,4.665458467005989,1021.0252090090783,14.809477485878704
2026-05-02 11:00:00,0.9193028705282164,2.693893640926034,1021.1538269803095,14.807111845680605
2026-05-02 12:00:00,1.3790706995549225,6.319029240180868,1018.5212340114928,14.731473189467156
2026-05-02 13:00:00,1.170193667398405,5.814240068296829,1022.563823544266,14.92376276879322
2026-05-02 14:00:00,0.6646766775833223,2.258977620888249,1018.6041058503104,14.923543726034831
2026-05-02 15:00:00,1.1771154413847134,4.515879186589392,1019.1432609402963,14.418363121365463
2026-05-02 16:00:00,1.101604980689866,3.9960143766701304,1018.2422175918954,15.032139740130095
2026-05-02 17:00:00,1.061215105602175,5.372391669937766,1018.5550436204293,14.441954086233219
2026-05-02 18:00:00,0.44106761921154813,1.2536114912939713,1015.6123511598648,14.984121109195964
2026-05-02 19:00:00,1.0670713707906005,4.313945178389985,1014.5857243805935,15.006090848003867
2026-05-02 20:00:00,0.8816777275534831,5.079601672428989,1022.0009257837113,14.565673030516889
2026-05-02 21:00:00,0.5512953435603997,0.5,1015.7222022033849,14.704798474454426
2026-05-02 22:00:00,0.8376352283439025,1.255087184126626,1015.1823331256198,14.568893909516134
2026-05-02 23:00:00,0.6010463156570927,0.5,1012.0949510644713,14.750102620290766
2026-05-03 00:00:00,0.8761575900340381,3.135625087527253,1015.6951789747797,14.734510401064531
2026-05-03 01:00:00,1.2496489838378293,5.0388401309354816,1013.7957038904705,14.955058220943744
2026-05-03 02:00:00,1.4238549717059075,6.5838597392858595,1021.016145282303,15.064175122120554
2026-05-03 03:00:00,0.5946842792437291,4.150757173084982,1019.2403114775642,15.084215772230122
2026-05-03 04:00:00,1.4861991690815575,7.091841472382914,1014.79718734234,14.695589397817722
2026-05-03 05:00:00,0.5480159745789054,1.8240270509645664,1021.9477331750995,14.769100954615501
2026-05-03 06:00:00,0.746267394305422,1.3946700413323732,1018.5675788615938,14.477158327772212
2026-05-03 07:00:00,1.0415388206135903,4.517729098324481,1015.0952061885746,14.65555087800869
2026-05-03 08:00:00,1.16359300285494,5.470124601797807,1009.4506467324426,15.012552409044563
2026-05-03 09:00:00,1.085398091106681,4.884903764839183,1021.2163112713259,15.145534082231263
2026-05-03 10:00:00,0.6734557637908388,1.3908754035809023,1011.8028971268021,14.578361400343237
2026-05-03 11:00:00,1.1622468573933513,5.12364881762662,1010.9494481811868,14.709530180477001
2026-05-03 12:00:00,0.7340332934378268,3.110792115978008,1017.4038962072335,14.825511917352815
2026-05-03 13:00:00,1.324969788189653,6.841695375672889,1020.7299507962734,14.889573494420473
2026-05-03 14:00:00,1.280470527380099,6.475976420268259,1017.8730934051205,14.674346888853924
2026-05-03 15:00:00,0.7349163651239479,4.306185836750944,1015.6029359838891,14.923784247146033
2026-05-03 16:00:00,1.36260780701625,5.256618260479262,1015.4598802714272,14.74688670861964
2026-05-03 17:00:00,1.2734267915524902,4.460024296568692,1015.8856138286968,14.841424737305816
2026-05-03 18:00:00,1.535703519405594,6.439915663863474,1015.4278966532765,14.956210707667498
2026-05-03 19:00:00,1.6930954433789798,8.458900002970095,1014.011644617692,14.850855011391797
2026-05-03 20:00:00,1.2434817525587802,5.15269467163218,1013.3470215436669,14.764888091274146
2026-05-03 21:00:00,1.816295966917779,8.021769727013773,1012.7078219360285,14.832816013110227
2026-05-03 22:00:00,1.6511091205876192,6.347307998395862,1010.757283951989,14.839616059285243
2026-05-03 23:00:00,1.5812810904623815,6.061362492349993,1011.718674466393,14.785815075414645
2026-05-04 00:00:00,1.745582074977672,7.481792795565081,1007.9665840801389,14.81056463264523
2026-05-04 01:00:00,1.4812223506835551,5.995754369882503,1011.7323590399513,15.184537757249236
2026-05-04 02:00:00,1.8025134298246526,7.045873472899089,1009.286750699348,14.979454585717903
2026-05-04 03:00:00,1.7886891882017697,6.067704154444222,1008.7802336299115,14.810614881517125
2026-05-04 04:00:00,2.762478416504248,11.939707247085261,1011.7710478392377,15.01151993220128
2026-05-04 05:00:00,2.001474798461842,8.643558285946272,1014.5847189159279,14.807761098048761
2026-05-04 06:00:00,1.7141775985525745,7.494717058222049,1013.1853677724076,15.111523688255565
2026-05-04 07:00:00,2.463708370019069,9.310480806736528,1006.749816114356,14.953178765637494
2026-05-04 08:00:00,2.191748053785953,8.89087839215869,1007.9902816904004,14.860119248433243
2026-05-04 09:00:00,1.8563394372809372,8.85944224218096,1012.6065208029014,14.973430178035565
2026-05-04 10:00:00,2.6883372911849546,10.522888059734683,1007.5907333837088,14.571996425900632
2026-05-04 11:00:00,2.619584749566337,10.936906109039965,1009.2800064671973,14.663080756144483
2026-05-04 12:00:00,1.948962720434115,8.770027348039257,1011.0137939529483,14.651889554971767
2026-05-04 13:00:00,2.076413949267622,8.835263667519389,1007.0174703883421,14.921481176956169
2026-05-04 14:00:00,2.2563787229724555,9.518465600363752,1009.5041861352579,15.241591237964814
2026-05-04 15:00:00,1.720988717978856,6.006691597486447,1005.7109999483744,15.343521608741241
2026-05-04 16:00:00,1.9175099644771791,7.553928602129741,1007.3510115721867,15.027022785826736
2026-05-04 17:00:00,2.977936578581602,12.867073186014563,1009.4654510498985,15.001710074567196
2026-05-04 18:00:00,3.475016680959331,13.487154826204911,1004.4984213368899,14.543435858366843
2026-05-04 19:00:00,2.514744661412071,10.191340496160649,1009.400488703091,14.797196466197313
2026-05-04 20:00:00,2.7624589859676987,11.784482481123145,1008.0722303970269,14.750235875957978
2026-05-04 21:00:00,2.7555980735760848,11.407501094387124,1009.328336984297,14.785662070227838
2026-05-04 22:00:00,3.651644524663356,16.483128851396394,1008.3365832198937,14.878219337309734
2026-05-04 23:00:00,2.9838179281725994,13.043429543740244,1011.0208647355502,14.8194240286866
2026-05-05 00:00:00,2.819306200881412,10.878001963608945,1007.7614489800034,14.519953742014781
2026-05-05 01:00:00,2.2661040568595374,9.461208407363225,1006.2170313093529,15.067344816629292
2026-05-05 02:00:00,1.9132493258937757,8.35524745115143,1007.4428515188124,14.705140707986565
2026-05-05 03:00:00,2.6032056576548133,11.671383061072666,1008.3464389786153,14.969442705233059
2026-05-05 04:00:00,2.222650298116445,9.994541728998595,1006.966068667636,15.338291342493193
2026-05-05 05:00:00,2.037754558218022,8.839179588027397,1006.8058720630979,14.741456808696794
2026-05-05 06:00:00,2.4526595673586145,10.27103181040649,1004.8147453680701,14.421112568930711
2026-05-05 07:00:00,2.1421968988511866,9.516005031198375,1004.7827653594444,14.871782989395538
2026-05-05 08:00:00,3.510106254006575,14.51982803556458,1002.8088589288689,15.150966920893485
2026-05-05 09:00:00,3.081746174204088,13.08232449621487,1010.5698259816276,15.324213030870059
2026-05-05 10:00:00,2.68580900298326,11.485618682762182,1002.9719878023105,14.688379539631406
2026-05-05 11:00:00,3.6096644398913997,14.160654073828495,1004.2404825563809,15.035352580557332
2026-05-05 12:00:00,2.895757275298725,11.62499702802031,1004.0732489626204,14.844651267537467
2026-05-05 13:00:00,2.4932576613585464,9.916615356156317,1008.0086013994969,14.918201643489324
2026-05-05 14:00:00,3.2669809418098907,14.181989142378022,1004.9415169413392,15.46991525873628
2026-05-05 15:00:00,2.9727959245463227,12.376134913499577,1008.7114956392153,14.642085105390438
2026-05-05 16:00:00,2.214047078700003,9.49713642161312,1003.8273787908602,14.995036979261775
2026-05-05 17:00:00,2.7503371235745497,10.97207693896674,1006.1333337475128,15.039414838944262
2026-05-05 18:00:00,2.4578897326465947,9.681591071936356,1003.2780598607786,15.164597896695708
2026-05-05 19:00:00,2.095748399359628,8.704291003067961,1010.6657691888521,14.968578946935837
2026-05-05 20:00:00,2.9530726329197527,12.788797660621796,1002.2763079386291,15.012111354197748
2026-05-05 21:00:00,3.2694407297439056,14.47982092826593,1005.9682465555582,14.873667696669157
2026-05-05 22:00:00,2.167902684071319,8.4396243850821,1006.7325507724697,15.007296184515978
2026-05-05 23:00:00,2.66982939445623,11.877696808825009,1006.1430782725615,14.886282938169051
2026-05-06 00:00:00,2.44356092629478,9.593793748992965,1004.6119220072467,15.08066356793659
2026-05-06 01:00:00,2.2043919823197418,9.78218744669098,1004.7232644976582,14.883832108131827
2026-05-06 02:00:00,2.4623844340459184,9.48041530352289,1005.1361555692104,15.03455641733356
2026-05-06 03:00:00,2.0422299364278436,8.87309559462429,1004.6440844259445,14.954643106201258
2026-05-06 04:00:00,2.5383358768031106,10.391221511057443,1007.4124132634697,15.187042206161728
2026-05-06 05:00:00,2.1055662384264213,8.678040894467106,1010.5263193643915,14.952867044730155
2026-05-06 06:00:00,2.4931763208040865,10.524932726221314,1003.6097512202734,14.609830065482493
2026-05-06 07:00:00,2.5958750699871302,9.806767444377055,1001.5886118132861,15.218088755218513
2026-05-06 08:00:00,2.351620424353781,9.321146032012068,1004.8082150411601,14.78580300734772
2026-05-06 09:00:00,1.7620354670295515,7.966918610621361,1011.5001445350737,14.837418319121122
2026-05-06 10:00:00,2.0305104916193732,8.407111331757731,1003.0697689925753,14.850238544829017
2026-05-06 11:00:00,2.1607170150493196,10.645525759884842,1009.2109431718027,15.245434727261681
2026-05-06 12:00:00,2.3732142961495724,10.024026451647769,1009.3476840792982,14.544565649948137
2026-05-06 13:00:00,1.6913982238842211,7.195645887153819,1003.8157963870415,15.600380653819224
2026-05-06 14:00:00,2.1986253405886247,8.963519259369992,1006.6745779477931,15.185149824748141
2026-05-06 15:00:00,2.2676992987310647,9.963595687572832,1009.3814429840488,15.019670814567181
2026-05-06 16:00:00,1.6906766539572649,5.429750473391767,1004.4268961623054,14.965105845014643
2026-05-06 17:00:00,2.245698518720899,9.233819036080329,1004.9359120319144,15.034234109904661
2026-05-06 18:00:00,1.810593182171268,6.881958792030598,1004.066637270931,15.082363458788633
2026-05-06 19:00:00,2.393398543350748,8.918804533259394,1003.0656949387701,15.108174789029805
2026-05-06 20:00:00,1.8097368573204682,6.333357906608084,1004.0668476261094,15.091222276655193
2026-05-06 21:00:00,1.4941748922814668,4.2727064232883825,1002.7232855825562,14.998964236725609
2026-05-06 22:00:00,1.4412446349636732,4.405282391489877,1005.9670078904539,14.942504131533587
2026-05-06 23:00:00,1.6956790651282765,7.234194990919849,1004.06102119822,14.952617864957848
2026-05-07 00:00:00,1.9975407728169259,7.42766961129185,1006.6799858357327,14.944768555734633
2026-05-07 01:00:00,1.69505699185322,5.144995345119016,1002.3206759086315,15.211358898546024
2026-05-07 02:00:00,1.7759187876181892,7.735222305887023,1007.1577481130045,15.1041478616524
2026-05-07 03:00:00,1.1011658735607994,3.408729447562579,1008.5396482963847,14.398167392526203
2026-05-07 04:00:00,1.7847003321708683,6.095274045325398,1001.6018143382087,15.118210835027845
2026-05-07 05:00:00,1.2117253058480038,3.850504654617413,1007.6565710589946,15.026740430867076
2026-05-07 06:00:00,1.3461557975762313,4.674828156144115,1009.9307225696966,14.984790898890573
2026-05-07 07:00:00,1.8732315364180334,5.753249574090526,1003.9823041496397,14.911545358167725
2026-05-07 08:00:00,1.2979418870151898,3.9412990072971237,1011.3373186601458,15.21476492621001
2026-05-07 09:00:00,1.1378261074169589,4.622575258055085,1008.3574252691211,15.180117937536446
2026-05-07 10:00:00,1.917488085384036,6.953759781290623,1005.7057284030897,14.836684298746201
2026-05-07 11:00:00,1.4493893914423697,3.9349093232404693,1007.4914836900851,15.073294396241137
2026-05-07 12:00:00,1.6598298374654683,6.311960495644962,1009.1935145600473,14.798153612903906
2026-05-07 13:00:00,1.1976653681882932,2.6124478613560917,1008.1585155161547,14.71713925770343
2026-05-07 14:00:00,1.7408431082905091,5.441859578648893,1009.4900788566661,14.868274281986055
2026-05-07 15:00:00,1.9638306710106497,6.92968754634332,1006.0199390292639,15.166628158736073
2026-05-07 16:00:00,0.8020743201462421,0.5,1008.9270688351422,15.18528310769994
2026-05-07 17:00:00,1.2802586198704577,2.6078935793131954,1005.1548934657222,15.097760710094466
2026-05-07 18:00:00,1.4022941843595822,4.942331748762636,1008.599953523897,15.140625200233627
2026-05-07 19:00:00,1.1926532921147657,3.4047920190611984,1006.8102688795302,15.099281002846743
2026-05-07 20:00:00,1.25905310838859,4.310614432624297,1007.4262646157624,14.86816521131991
2026-05-07 21:00:00,1.1121211575231902,2.4334847308515375,1012.5532555894138,15.083239103409765
2026-05-07 22:00:00,0.9224235798705921,3.56066554109679,1012.3919601057321,15.157306439767813
2026-05-07 23:00:00,1.2240220738923424,3.014971513534512,1011.3897664111282,15.148429614214642
2026-05-08 00:00:00,1.552975600884062,5.294015892199385,1007.3417928454951,15.235677706682827
2026-05-08 01:00:00,0.9212601113971818,3.553393483621795,1009.4894659517905,15.139856354072842
2026-05-08 02:00:00,1.0744309534941086,3.6133263182206967,1013.5232418995043,15.068762644175361
2026-05-08 03:00:00,0.573813146566954,2.181402195179366,1011.0567367270867,15.212757332013862
2026-05-08 04:00:00,0.7854537534850964,1.9693062202234857,1016.7144877775963,14.993654175871361
2026-05-08 05:00:00,0.966301003574422,1.9998184056865151,1012.1147858056013,14.822791500749783
2026-05-08 06:00:00,0.9530385572017094,3.4271907864503435,1011.8283829357227,14.96673789977932
2026-05-08 07:00:00,0.8797086649297396,1.9055930321496355,1010.7935123300548,14.850532482051715
2026-05-08 08:00:00,1.2834280133209366,3.1386757983505413,1012.1193052747564,14.864615930087432
2026-05-08 09:00:00,1.453412584239343,6.314126585278251,1011.6243650342846,14.970863279563625
2026-05-08 10:00:00,0.9245670355979988,4.115428975101743,1013.9966652105902,14.841375311795627
2026-05-08 11:00:00,0.9660534064333355,1.9372905944269636,1014.8396000846881,14.938336125309116
2026-05-08 12:00:00,1.5665814732217869,4.670815933987818,1010.7047474339407,14.621251485506436
2026-05-08 13:00:00,0.8812521988601446,1.7663895122136106,1009.5637703222808,15.042656000096171
2026-05-08 14:00:00,0.9285029210854461,0.5,1008.5235543360019,15.000238045306308
2026-05-08 15:00:00,0.8128296747366206,0.6943875538501376,1014.6061731390321,14.836555767522771
2026-05-08 16:00:00,0.5971280819814402,0.5,1010.7996459664017,15.131776022996698
2026-05-08 17:00:00,0.8615071445101397,1.9154062241363974,1008.3972730834612,15.187371164840197
2026-05-08 18:00:00,1.0142572682007902,2.612489479213288,1014.9717817341349,14.678252265414828
2026-05-08 19:00:00,1.3965778370494262,5.635803112939952,1020.4528978593867,14.847103237235006
2026-05-08 20:00:00,1.02245844738328,3.253170941242237,1014.4243440245542,14.845680532231706
2026-05-08 21:00:00,0.6048996429718516,2.3243319049874858,1016.7537598068052,14.811366046863611
2026-05-08 22:00:00,1.374205063977743,4.273085806245938,1015.0788389560043,15.165056157275831
2026-05-08 23:00:00,0.507574620701138,0.5,1014.8423280160439,14.960187341278058
2026-05-09 00:00:00,0.8067191338017434,3.349003575565612,1017.6009177407899,14.945817840862393
2026-05-09 01:00:00,1.1559458235961202,4.395502176383365,1014.7894374904512,14.597693438072092
2026-05-09 02:00:00,0.7738073170663294,0.5,1016.3935613965045,15.125271482528051
2026-05-09 03:00:00,1.3172798079827635,5.25342977644207,1016.7371793367599,14.750035028897436
2026-05-09 04:00:00,1.0986519431784938,3.9073221139391503,1014.468299975628,15.009548933476314
2026-05-09 05:00:00,0.7902682951851782,2.6602925211386137,1018.8218017255101,15.052690365244912
2026-05-09 06:00:00,1.1153988908908072,4.662835848293845,1016.1048878986344,15.268976140407322
2026-05-09 07:00:00,1.7809487051671686,7.7331275034051945,1014.8507827597232,14.73468666121741
2026-05-09 08:00:00,0.5733026077599168,4.101113770476268,1018.2763929061646,14.392131508931683
2026-05-09 09:00:00,1.0506444997135962,4.3540260290648485,1014.8808848200672,15.032363930570233
2026-05-09 10:00:00,0.8803452786144995,3.219222434270795,1017.3862598941861,15.355233225308773
2026-05-09 11:00:00,0.5884282328806691,2.6603228733495925,1017.4784318514978,15.24243411641784
2026-05-09 12:00:00,1.2381429035725482,5.833495585386583,1020.3979176525635,15.03606747889557
2026-05-09 13:00:00,0.7245656046520466,2.951407918532467,1019.0482603835674,14.895276005841668
2026-05-09 14:00:00,1.335378177163218,4.778998635649312,1017.9735325402548,15.154472310647368
2026-05-09 15:00:00,1.1059394288959332,3.952295567422474,1020.2512151911446,14.797760005241129
2026-05-09 16:00:00,1.0679289150433346,5.839940145380165,1021.8490004878767,15.087139162889759
2026-05-09 17:00:00,1.1564564440295815,5.747576032849207,1019.9305436150484,15.092336919304957
2026-05-09 18:00:00,1.4662666832734887,7.186980503135702,1018.7201642885615,15.202637066861534
2026-05-09 19:00:00,1.0430383221271207,4.576720716972908,1015.5685635936924,15.54185621546957
2026-05-09 20:00:00,1.219156388856016,5.186929885608556,1016.3347292779991,15.067713453060705
2026-05-09 21:00:00,0.8343348544689788,4.091188613589614,1018.3791835224924,14.886720521387579
2026-05-09 22:00:00,0.9858845908039735,5.235485061789633,1017.7584575436164,14.982658311493845
2026-05-09 23:00:00,1.5099458319540584,6.8982781805735245,1018.9499554629665,14.63319486656705
2026-05-10 00:00:00,1.6530153311572342,7.766996634521655,1019.6892028375063,14.847281247037483
2026-05-10 01:00:00,0.8860730295640469,4.9308332209691965,1020.9969523972973,14.903558169507034
2026-05-10 02:00:00,1.8070906739644532,8.343045574614138,1019.6164676793567,14.87976472582499
2026-05-10 03:00:00,1.7454761021836405,9.405312964544578,1021.1237218920288,15.014198098930484
2026-05-10 04:00:00,1.6069289314236233,7.896818013766197,1020.1780774838975,14.818364834588097
2026-05-10 05:00:00,2.41437865054124,10.71807306652583,1015.1822347754353,15.206153635276225
2026-05-10 06:00:00,1.3043447141871305,6.133635545798207,1017.8710782819878,14.981064586702377
2026-05-10 07:00:00,1.198528677264427,5.471779284419587,1019.9521432729954,14.978215779691194
2026-05-10 08:00:00,0.9985932347832156,4.694926742429413,1017.3754288089965,14.91352657641892
2026-05-10 09:00:00,2.069413152792311,10.77241197892614,1021.9810817434416,15.009150345385361
2026-05-10 10:00:00,1.7182761606619135,9.438425510726688,1024.3839590457342,15.142115571193061
2026-05-10 11:00:00,1.43835138499584,8.339361864350403,1023.6739779337101,14.80263061335897
2026-05-10 12:00:00,1.784762660313196,9.119706120475435,1020.1575727577109,14.843371133542353
2026-05-10 13:00:00,0.9935007213300893,6.763425891495649,1024.4761677368963,14.913164045269143
2026-05-10 14:00:00,2.6177588105819067,13.362097338541794,1021.1732144434058,14.703626939181015
2026-05-10 15:00:00,1.821691618215678,9.35937766064978,1020.0050049540288,14.807818486517018
2026-05-10 16:00:00,1.8715378219020977,9.487034129827464,1019.3543323543307,14.875271888799865
2026-05-10 17:00:00,2.1136112185178444,10.755872055332219,1020.1656980241283,15.144216984064922
2026-05-10 18:00:00,2.0858627883779493,10.47042540692096,1019.9793512584498,15.020651586583574
2026-05-10 19:00:00,2.0591017616931278,10.158195454888357,1021.3976212198387,15.005634573622663
2026-05-10 20:00:00,1.7774183787687463,8.478162964125161,1021.3886524601115,15.135850561488501
2026-05-10 21:00:00,2.055806528329099,10.890437040309383,1021.0043068212573,14.936928105831843
2026-05-10 22:00:00,2.5293960185210103,13.564934976274591,1022.092341568508,15.041204054493226
2026-05-10 23:00:00,2.3088390596944293,12.729028518853905,1023.973743764751,14.94115249141992
2026-05-11 00:00:00,2.5384724315723344,13.299248955109128,1023.3619751232782,15.013532216029319
2026-05-11 01:00:00,1.949174246421178,9.629608774926176,1017.2606433172297,14.84254807573114
2026-05-11 02:00:00,1.8154382044569495,8.880630330943353,1014.5667323304028,14.469953604156675
2026-05-11 03:00:00,1.8172146406355105,10.541267987582904,1023.2598468257584,14.929455610057168
2026-05-11 04:00:00,2.2071470494243397,10.967214549697076,1017.4732483409288,15.239432665366474
2026-05-11 05:00:00,2.647614983711551,12.928967290940262,1020.288841706619,15.138674914238079
2026-05-11 06:00:00,1.746878252020366,7.9986260712694275,1017.8797254785968,15.145037337540044
2026-05-11 07:00:00,2.872756757181802,13.876871165016334,1016.2482877866717,15.197687214377277
2026-05-11 08:00:00,2.0642970400805187,10.910726425784494,1022.0491444852656,14.966673051713862
2026-05-11 09:00:00,1.8839283537629854,10.490932593924502,1022.5296868551555,14.986862384344368
2026-05-11 10:00:00,1.9137378156429148,9.494314940522658,1019.1209458871047,14.822303830854569
2026-05-11 11:00:00,1.7223178679350446,8.38665295276597,1014.0092044205144,14.881031875626595
2026-05-11 12:00:00,2.7348402239188085,12.888816445099073,1019.040010803961,15.06579019574043
2026-05-11 13:00:00,2.0232599748136493,11.573146042048233,1021.2982298647831,15.181779666664333
2026-05-11 14:00:00,1.8714234699273653,9.145599133148327,1016.5288920587524,14.911457644630653
2026-05-11 15:00:00,1.8507042302068857,9.154987010293913,1020.5864465188467,14.847630487201604
2026-05-11 16:00:00,2.211836632159614,10.892529097288211,1019.986148152774,14.936072705168831
2026-05-11 17:00:00,3.3514468334411065,14.504186996779065,1021.3636078502191,15.054484582356293
2026-05-11 18:00:00,2.2621867335555716,11.02787923409522,1020.0999507501914,14.643725747765595
2026-05-11 19:00:00,1.6791309278217983,8.776878826358681,1017.2487008572581,14.471491371511803
2026-05-11 20:00:00,2.120230904115378,11.019810047065164,1022.5480202948509,14.818828429763824
2026-05-11 21:00:00,1.9572723999436232,10.943110894068397,1019.0304271662326,14.682978952203463
2026-05-11 22:00:00,1.3309451452542755,6.543786293364836,1019.2236907141025,14.823656449781948
2026-05-11 23:00:00,2.2322922328974855,11.25698579354183,1016.8191285401529,14.893868905847969
2026-05-12 00:00:00,2.383201521069152,10.888009523444644,1017.8996923461946,14.830893210829982
2026-05-12 01:00:00,2.551204634835511,12.4983676530008,1016.6468552997694,15.210131779797122
2026-05-12 02:00:00,3.0234545522346195,14.507452619688358,1018.2729406094513,14.983060078033214
2026-05-12 03:00:00,2.4950037884175873,13.134029419986845,1022.8266186749994,14.975856336056042
2026-05-12 04:00:00,2.521741635714133,10.541965632213723,1014.9553562472149,15.038230733818706
2026-05-12 05:00:00,1.9075106090082685,8.946983035998912,1014.1848123301457,14.68402803940231
2026-05-12 06:00:00,3.4393522500801286,15.4767046310056,1021.7262218358815,15.117599910853988
2026-05-12 07:00:00,2.3765065548065984,10.850503693713524,1017.3506719769032,14.89258513450146
2026-05-12 08:00:00,2.326481095561607,10.661737860939239,1016.0232239296429,15.039772117459899
2026-05-12 09:00:00,2.1483465721188995,10.479681860338273,1020.113968950185,14.689220129281685
2026-05-12 10:00:00,2.340299322565448,10.759985847780527,1015.814986877127,14.590733000322981
2026-05-12 11:00:00,1.6596298566628276,10.01800291466958,1021.7055284222594,15.062933474782437
2026-05-12 12:00:00,1.8137113963809313,9.113988530063514,1018.6436026006468,14.972485866492002
2026-05-12 13:00:00,2.0577664529782123,9.025500512074949,1015.534246477492,14.714619713541603
2026-05-12 14:00:00,1.8908524365438923,9.80893251159254,1021.9496361686004,14.718901133118505
2026-05-12 15:00:00,1.6843726841464193,8.742787348996897,1014.8416750326647,15.115702109983022
2026-05-12 16:00:00,1.7020080963499697,8.28616987577585,1018.0082081643186,14.650491874138302
2026-05-12 17:00:00,2.269425378927301,9.604747110415014,1016.6957758888457,15.214645656150621
2026-05-12 18:00:00,1.9678064273611982,8.79390519533833,1018.9941981712539,14.703701461996326
2026-05-12 19:00:00,2.386190140343763,11.795832395551626,1019.4338095075423,15.009196285747548
2026-05-12 20:00:00,1.1894247595788887,4.149054595164557,1015.3982763970693,14.813464263255923
2026-05-12 21:00:00,2.2943907812498376,10.714333577671036,1013.2211671867232,14.997473286459854
2026-05-12 22:00:00,2.031306602703295,10.818358487195685,1016.0394641564749,14.765638643865385
2026-05-12 23:00:00,1.0645705594948955,4.666351936162469,1012.9786094314208,14.839506327646411
2026-05-13 00:00:00,1.7674509634536868,7.6022383780407825,1019.4884392980427,14.877830047532244
2026-05-13 01:00:00,1.5948809185589106,7.36898803619196,1014.577260239597,14.666767882571385
2026-05-13 02:00:00,1.2732536529090728,5.320764995753459,1013.1026151841413,15.012907280602258
2026-05-13 03:00:00,1.397254951032844,6.269437538907729,1014.256833139853,14.759614631534765
2026-05-13 04:00:00,1.7105337134896716,5.484530413668741,1010.2059164755175,14.81403020976711
2026-05-13 05:00:00,2.606603855409517,10.45087368812816,1010.9228542610825,14.65835109995992
2026-05-13 06:00:00,2.1994529377795176,8.79371277161284,1016.1308097831301,14.342202978725107
2026-05-13 07:00:00,2.072605299746872,9.210805546724124,1011.2653248431478,14.813890866808386
2026-05-13 08:00:00,1.9431194510200163,8.033666188808594,1010.068139933336,15.33202420559259
2026-05-13 09:00:00,0.926160849067782,4.5154739823370384,1013.8051488387115,15.003804693913969
2026-05-13 10:00:00,1.4848523269166314,5.417526401079472,1015.2062908377516,14.840392508769698
2026-05-13 11:00:00,1.424981791502538,7.057540864290269,1013.8185120368992,14.789005220939577
2026-05-13 12:00:00,1.0564804851718452,3.793269563153914,1014.2911015372109,14.843393441624652
2026-05-13 13:00:00,1.5663621557861707,7.094677596596034,1009.6897732722064,14.945619057297762
2026-05-13 14:00:00,1.3593885083809274,5.198938959436735,1007.8091072475667,14.597305758193013
2026-05-13 15:00:00,1.0387482013639184,4.779466957877973,1014.9001035120682,15.053583884013184
2026-05-13 16:00:00,1.5276383635524957,6.559175478387368,1010.1246351227842,14.971025190034531
2026-05-13 17:00:00,1.421623986549736,5.907411258568314,1010.0904136061744,14.968793633375205
2026-05-13 18:00:00,1.0341460616340425,4.2895726647350045,1013.8259040073591,14.910037398249933
2026-05-13 19:00:00,1.7525958420039234,6.86125694076504,1011.6858408891848,14.823429566962982
2026-05-13 20:00:00,0.7839067174951319,2.6675640565684224,1011.2269193608579,14.951220712118387
2026-05-13 21:00:00,1.3193861489219147,5.565319558171219,1015.2938872442817,14.93213178778946
2026-05-13 22:00:00,1.6522330717458056,5.371790074076836,1008.0691734442552,14.740059603802846
2026-05-13 23:00:00,0.9919527412666808,3.5992760807332154,1011.7967201092774,14.693224487581151
2026-05-14 00:00:00,1.1914474453676964,4.600686961077458,1009.4215214671722,14.825371531155271
2026-05-14 01:00:00,0.8230297320272304,1.6240148227626183,1009.7552091840605,15.111838088837553
2026-05-14 02:00:00,1.5132737283908066,5.407062427100565,1012.7126610050467,14.551224809224113
2026-05-14 03:00:00,1.1053514098416792,3.2844367624370703,1009.972010724668,14.502531739455776
2026-05-14 04:00:00,0.8953698874679124,2.5556779484456067,1009.8624087462011,14.825957954760845
2026-05-14 05:00:00,1.4362805485113652,5.270196216772218,1011.01564324474,14.800130769835304
2026-05-14 06:00:00,0.8150885833228168,2.005841568875433,1007.2432992183859,14.821547477885689
2026-05-14 07:00:00,0.9701960555820756,0.6365788839909738,1005.8827006747615,14.832574196457536
2026-05-14 08:00:00,0.9378526427875988,0.5,1005.1976183073972,14.736026038015519
2026-05-14 09:00:00,1.369551879062203,4.079026014179939,1002.7266709172503,15.075500652983392
2026-05-14 10:00:00,0.5369669896020322,0.6020038518077877,1012.6201348732976,14.454187214359003
2026-05-14 11:00:00,1.5501724823958536,5.991080060841783,1004.5629100727615,14.605487242742784
2026-05-14 12:00:00,0.9143079188263837,0.5,1006.6134925826584,14.747332950714279
2026-05-14 13:00:00,1.7736521017171765,5.759238998875178,1006.3247898167353,14.436122037671757
2026-05-14 14:00:00,1.0136958757539758,3.033162296952839,1007.6401525878388,14.726343483165248
2026-05-14 15:00:00,1.0599878945789065,2.434505783548828,1008.7705200235214,15.090541653378835
2026-05-14 16:00:00,0.5708036279743869,1.5906164314070659,1008.7467386057031,14.75913689131283
2026-05-14 17:00:00,1.133932491149646,3.2604845027512286,1005.0071805647444,14.797790490827177
2026-05-14 18:00:00,1.0745045231149715,2.4526041369127247,1005.9214313642046,14.496286840822707
2026-05-14 19:00:00,1.2198301520566792,4.492373144201559,1006.9251861605992,14.621695790265496
2026-05-14 20:00:00,0.9868817112185431,2.7059228880856616,1005.4817412247578,14.666555893529196
2026-05-14 21:00:00,0.9006614275842194,2.7725504812989503,1010.011886791291,14.674658093693214
2026-05-14 22:00:00,1.0092105149778587,1.8570074042307474,1007.1164199261148,14.99111468741427
2026-05-14 23:00:00,0.9963186112538246,2.4263007301680135,1007.6271232513042,14.84288785419789
